movie_id,country
19995,US
19995,GB
285,US
206647,GB
206647,US
49026,US
49529,US
559,US
38757,US
99861,US
767,GB
767,US
209112,US
1452,US
10764,GB
10764,US
58,JM
58,US
58,BS
58,DM
57201,US
49521,GB
49521,US
2454,CZ
2454,PL
2454,SI
2454,US
24428,US
1865,US
41154,US
122917,NZ
122917,US
1930,US
20662,GB
20662,US
57158,NZ
57158,US
2268,GB
2268,US
254,NZ
254,US
254,DE
597,US
271110,US
44833,US
135397,US
37724,GB
37724,US
558,US
68721,CN
68721,US
12155,US
36668,CA
36668,GB
36668,US
62211,US
8373,US
91314,US
68728,US
102382,US
20526,US
49013,US
44912,US
10193,US
534,DE
534,IT
534,GB
534,US
168259,JP
168259,US
72190,US
72190,MT
127585,GB
127585,US
54138,US
81005,US
64682,US
64682,AU
9543,US
68726,US
68726,CA
38356,US
217,US
105864,US
62177,US
188927,US
10681,US
5174,US
14161,CA
14161,US
17979,US
76757,US
258489,CA
258489,GB
258489,US
411,GB
411,US
246655,US
155,GB
155,US
14160,US
15512,US
1726,US
44826,FR
44826,US
44826,GB
8487,US
1735,DE
1735,US
297761,US
2698,US
137113,AU
137113,US
9804,US
14869,CZ
14869,US
150540,US
278927,GB
278927,US
10138,US
58595,US
102651,US
119450,US
79698,AU
79698,BE
79698,IN
64686,US
100402,US
10192,US
158852,US
177572,US
82690,US
5255,US
47933,US
10191,US
296,DE
296,GB
296,US
118340,GB
118340,US
157336,CA
157336,US
157336,GB
27205,GB
27205,US
315011,JP
49051,NZ
49051,US
9799,DE
9799,US
4922,US
49538,US
131634,DE
131634,US
27022,US
503,US
241259,GB
241259,US
810,US
68735,CA
68735,CN
68735,JP
68735,US
87101,US
10140,US
676,US
1858,US
1966,FR
1966,DE
1966,IT
1966,NL
1966,GB
1966,US
675,GB
675,US
674,GB
674,US
8960,US
6479,US
118,AU
118,GB
118,US
2062,US
272,GB
272,US
10527,US
18360,US
18360,CA
2080,US
605,US
605,AU
109445,US
604,AU
604,US
76338,US
76341,AU
76341,US
13448,IT
13448,US
10195,US
13053,US
19585,US
57165,ES
57165,US
62213,AU
62213,US
177677,CN
177677,US
7978,US
5559,US
49444,US
10196,US
956,CN
956,DE
956,US
117251,US
50321,US
11619,GB
11619,US
266647,US
82703,US
652,US
652,MT
652,GB
80321,US
36669,GB
36669,US
43074,US
95,US
608,US
2310,US
140300,CN
140300,US
56292,CZ
56292,US
56292,AE
81188,US
7552,US
616,JP
616,US
616,NZ
147441,ES
147441,GB
147441,US
13475,DE
13475,US
557,US
82702,US
205584,AU
205584,US
10048,US
13183,US
944,US
1927,US
72559,US
7364,DE
7364,ES
7364,GB
7364,US
2114,JP
2114,US
1771,US
36643,GB
36643,US
8619,US
50620,US
65759,AU
1724,US
267935,IN
267935,US
281957,CA
281957,HK
281957,TW
281957,US
77950,US
44896,US
270946,US
2503,DE
2503,US
9502,US
102899,US
101299,US
228161,US
74,US
8961,US
417859,US
27576,US
86834,US
17578,NZ
17578,US
673,GB
673,US
6972,AU
6972,US
6972,GB
82700,US
10567,US
181533,GB
181533,US
38055,US
671,GB
671,US
49524,US
22,US
131631,US
591,US
591,MT
591,FR
591,GB
172385,US
36658,US
51497,US
58574,US
18823,US
861,US
1911,US
49040,US
415,GB
415,US
8871,DE
8871,US
435,US
955,DE
955,US
2133,US
1979,DE
1979,GB
1979,US
87827,US
87827,TW
87827,GB
1250,US
1250,AU
324668,GB
324668,US
324668,CN
9471,US
70981,GB
70981,US
10996,US
68724,US
2789,US
97020,CA
97020,US
7459,AU
7459,DE
7459,US
42888,US
37834,US
75612,US
1895,US
1894,US
585,US
76170,GB
76170,US
1893,US
49519,US
2395,BE
2395,FR
2395,DE
2395,IT
2395,ES
12100,US
290595,US
98566,US
49047,GB
49047,US
9619,US
308531,CN
308531,US
308531,HK
166424,US
1593,US
1593,GB
254128,CA
254128,US
254128,AU
714,GB
714,US
2024,DE
2024,US
163,US
787,US
262500,US
2567,US
38745,US
40805,US
53182,US
41513,US
13700,US
262504,US
39254,IN
39254,US
77931,US
1639,US
80274,US
1571,GB
1571,US
120,NZ
120,US
10204,DE
10204,IE
10204,GB
10204,US
8489,US
10588,US
2048,US
2048,DE
1495,DE
1495,MA
1495,ES
1495,GB
1495,US
10137,DE
10137,US
10198,US
286217,US
1635,US
9679,US
98,GB
98,US
180,US
672,DE
672,GB
672,US
36557,IT
36557,GB
36557,US
36557,CZ
36557,DE
869,US
280,FR
280,US
11322,US
4982,GB
4982,US
36955,US
18487,US
39451,US
27581,US
9268,CA
9268,US
68718,US
10545,US
11688,US
76163,US
2059,US
2486,GB
2486,US
2486,HU
16523,US
116711,US
37710,GB
37710,US
37710,FR
37710,IT
9946,US
1372,DE
1372,US
106646,US
414,GB
414,US
563,US
83542,DE
83542,HK
83542,SG
83542,US
41216,AU
41216,US
314,US
184315,US
9016,US
18162,US
138103,FR
138103,US
257088,DE
257088,US
257088,CN
10214,DE
10214,US
205775,US
11692,AU
11692,US
22972,ES
22972,GB
22972,US
22972,FR
227973,US
29193,US
1734,US
3131,US
3131,IT
76758,CN
76758,HK
9408,US
9890,US
855,GB
855,US
77953,US
18,FR
37786,US
10501,US
57800,US
150689,GB
150689,US
7980,GB
7980,NZ
7980,US
12,US
122,NZ
122,US
121,NZ
121,US
68737,CN
68737,CA
68737,US
68737,GB
1995,US
157353,CN
157353,GB
157353,US
331,US
61791,US
8204,US
47964,US
10733,US
9806,US
1408,FR
1408,DE
1408,IT
1408,US
32657,CA
32657,US
607,US
863,US
44048,US
5175,US
2655,US
22794,US
8355,US
116745,US
4327,US
1422,HK
1422,US
10674,US
7446,US
7446,GB
7446,DE
65754,NO
65754,SE
65754,US
1572,US
10528,DE
10528,GB
10528,US
271969,US
10865,US
258509,US
2253,DE
2253,US
10661,US
257344,US
644,US
10756,US
686,US
9383,DE
9383,US
179,FR
179,DE
179,GB
179,US
76285,US
1996,US
1996,DE
1996,JP
1996,GB
291805,CA
291805,CN
291805,GB
291805,US
10003,US
1535,GB
1535,US
2067,US
46195,US
2277,DE
2277,US
10357,US
4477,US
8665,CA
8665,DE
8665,GB
8665,US
9387,US
921,US
49852,GB
49852,HU
4464,US
664,US
8358,US
9836,AU
2502,DE
2502,US
9772,DE
9772,US
161,US
52451,US
52451,DE
52451,FR
52451,GB
76492,US
4523,US
59961,US
10481,US
59108,US
1581,GB
1581,US
9798,US
22897,US
298,US
7484,US
157350,US
853,IE
853,US
853,DE
853,GB
10159,US
9593,US
1904,US
9615,JP
9615,US
51052,US
297,US
9884,US
16858,US
62764,US
22538,US
22538,CA
9341,US
9341,CA
9341,DE
12107,US
9637,US
49049,ZA
49049,GB
49049,US
49049,IN
9339,US
16281,US
39691,US
39691,AU
8247,CA
8247,US
11253,DE
11253,US
1949,US
8452,US
310,US
27578,US
954,US
70160,US
45243,US
364,GB
364,US
7518,US
11544,US
9986,DE
9986,US
8656,US
146216,CA
146216,FR
146216,US
9291,US
55301,US
109418,US
11665,CA
11665,RU
11665,US
6964,US
11324,US
12193,US
9928,US
754,US
10202,US
4147,US
50546,US
1701,US
13027,US
13027,DE
2289,US
2289,GB
2289,RO
2289,IT
20504,US
9574,US
11618,US
2300,US
12096,US
10200,CA
10200,US
8834,US
228150,GB
228150,US
228150,CN
6068,US
41515,US
41515,NZ
9023,US
38317,US
2157,US
14462,US
161795,US
159824,US
49948,US
2135,US
9822,US
9705,AU
9705,US
1656,MX
1656,US
12159,NZ
12159,US
9678,US
4442,CZ
4442,GB
4442,US
75,US
330770,BE
330770,FR
330770,ES
9433,US
19959,US
11973,US
11228,US
77951,AU
77951,IN
77951,GB
77951,US
5491,US
10715,DE
10715,US
10197,IT
10197,US
9562,US
9922,US
9447,AU
274854,US
8870,AU
8870,US
9992,FR
36970,FR
36970,MC
36970,ES
36970,CH
10077,CZ
10077,DE
10077,GB
10077,US
76649,CA
76649,DE
76649,US
293644,IN
293644,MX
453,US
8587,US
72545,US
109451,US
9533,DE
9533,US
2023,US
2023,MA
71880,US
584,US
309809,FR
4858,US
4858,AU
17711,DE
17711,US
328111,US
8698,CZ
8698,DE
8698,GB
8698,US
93456,US
602,US
330,US
953,US
9693,GB
9693,US
36657,US
8909,DE
8909,US
9802,US
950,US
1824,US
2976,GB
2976,US
11026,US
332,US
75656,US
75656,FR
38365,US
594,US
15189,US
11678,NZ
11678,PK
11678,US
6538,US
10555,US
1125,US
4551,US
612,CA
612,US
612,FR
9567,US
37821,US
203801,US
2539,US
9297,US
3172,US
6520,US
1439,MY
1439,US
37958,US
2026,DE
2026,US
7450,US
11375,US
9425,US
25769,US
23685,US
11866,US
9741,US
211672,US
23629,US
8688,CA
8688,US
10153,US
153518,FI
153518,US
8676,US
20829,US
4349,DE
4349,US
9718,US
10808,US
197,US
25,DE
25,US
35,US
11086,US
10477,AU
10477,CA
10477,US
1997,FR
1997,GB
6947,US
3050,US
2675,US
809,US
920,US
4806,US
7451,US
228165,US
3595,US
16869,DE
16869,US
879,US
1573,US
9257,US
1903,US
9697,US
395,CA
395,CZ
395,DE
395,GB
395,US
23398,US
10590,DE
10590,US
117263,US
200,US
44943,US
587,US
10395,US
57212,US
152760,DE
152760,US
2756,US
33909,US
49017,US
9882,US
2270,IS
2270,GB
2270,US
978,US
44564,US
3132,US
8814,CZ
8814,DE
8814,GB
8814,US
8427,US
52520,US
80585,US
10592,US
49021,AU
49021,US
11535,DE
11535,JP
11535,US
10550,DE
10550,US
11258,DK
11258,FR
11258,NZ
11258,GB
11258,US
12610,US
59981,IN
59981,US
201088,US
5137,GB
5137,US
3093,DE
3093,GB
3093,US
107846,US
188207,US
4614,US
24021,US
11371,DE
11371,US
20352,US
11517,US
214756,US
26428,ES
9824,US
48988,US
9008,US
300673,US
12113,US
12113,GB
38778,US
72331,US
1844,GB
1844,US
846,CA
846,US
9703,GB
9703,IT
9703,FR
9703,TN
857,US
136797,PH
136797,US
136797,GB
136797,FR
3981,US
425,US
6171,US
72976,IN
72976,US
603,AU
603,US
568,US
9021,US
82695,GB
82695,US
9489,US
12133,US
9342,US
41733,US
227306,US
5551,US
9350,FR
9350,IT
9350,US
9208,US
4244,US
1852,US
11820,US
76493,US
345,GB
345,US
196867,US
256591,US
59962,US
36648,US
1880,US
9440,FR
9440,DE
9440,JP
9440,GB
9440,US
71679,CA
71679,FR
71679,DE
71679,US
10483,GB
10483,US
10483,DE
11412,US
11983,US
6795,US
550,DE
550,US
11170,US
9292,US
10783,FR
10783,US
100241,US
100241,AU
257,CZ
257,FR
257,IT
257,GB
9947,CA
9947,US
189,US
12618,US
253412,IS
253412,US
253412,GB
1427,ES
1427,DE
1427,FR
818,US
16577,HK
16577,JP
16577,US
329,US
12160,US
9331,US
300168,HK
300168,CN
9072,US
3536,FR
3536,US
9087,US
12177,US
12177,GB
12177,DE
12138,US
273248,US
9955,US
50359,GB
1271,US
693,US
14306,US
497,US
11199,US
9982,US
210577,US
2501,US
2501,DE
2501,CZ
710,GB
710,US
2275,DE
2275,US
37165,US
9837,US
10708,US
136400,US
10992,US
9654,GB
9654,US
2642,AU
2642,US
8916,US
19899,US
2119,US
9641,US
294254,US
38167,US
5994,US
39514,US
9563,US
547,US
1538,US
9334,US
9334,DE
9334,BE
11128,US
75780,US
8914,AU
8914,US
13576,US
39538,US
39538,AE
10628,AU
10628,US
14836,US
8645,US
8645,IN
8645,FR
9509,GB
9509,US
10067,US
9384,US
9279,US
1487,US
9422,US
77174,US
4824,US
9620,CA
9620,US
9302,US
10199,GB
10199,US
10771,US
3512,US
137094,RU
137094,US
274479,US
267860,BG
267860,US
267860,GB
8078,US
7485,US
170687,US
6435,US
137106,US
10040,US
6278,IE
6278,GB
6278,US
82682,US
17610,US
22954,US
16995,FR
16995,GB
16995,US
16558,DE
16558,US
9849,US
5820,US
16866,ES
16866,GB
16866,US
201,US
11775,US
87825,US
12201,GB
12201,US
11015,DE
11015,JP
11015,NZ
11015,GB
11015,US
9932,AU
9932,US
13389,US
8838,US
17332,US
4958,US
786,US
9513,GB
9513,US
11679,US
38321,US
14411,US
8413,GB
8413,US
10052,DE
10052,US
9676,FR
9676,DE
9676,US
9664,GB
9664,US
2100,US
10384,CH
10384,US
137321,US
123553,US
11260,US
9009,US
11374,US
2309,DE
2309,GB
2309,US
8285,US
210860,US
2312,CA
2312,DE
2312,US
9839,DE
9839,US
381902,HK
381902,CN
13922,US
293660,US
9713,US
190859,US
257445,AU
257445,US
9007,US
889,US
1370,US
4942,DE
4942,US
347969,US
24438,US
116741,US
35791,DE
35791,US
35791,FR
35791,CA
72431,US
1813,DE
1813,US
87428,US
8840,US
10589,US
71676,AE
71676,US
1722,GB
1722,US
1722,FR
10022,CA
10022,US
11358,US
13,US
6477,US
1597,US
10530,US
1924,GB
1924,US
9327,US
8488,US
10603,US
8273,US
109424,US
35056,US
8839,US
156022,US
7303,US
8963,US
1402,US
9315,US
8984,US
795,US
795,DE
24,US
11353,US
393,US
9618,US
9374,US
8584,HK
8584,US
2320,US
58224,US
1729,CN
1729,US
175574,US
8077,GB
8077,US
8818,US
8818,HU
8195,FR
8195,GB
8195,US
10586,DE
10586,US
116149,GB
80035,US
10632,US
12117,US
1792,US
13260,US
72197,GB
3580,US
12123,US
9566,US
9833,GB
9833,US
4517,GB
8202,US
16072,US
34314,US
19724,US
145220,US
14623,GB
14623,FR
42297,US
2841,FR
802,GB
802,US
10375,US
36586,DE
36586,US
11321,US
70074,CH
70074,US
242,IT
242,US
9621,US
1819,US
8536,GB
8536,US
8046,US
1717,US
479,DE
479,US
9444,US
824,AU
824,US
11456,US
261023,GB
261023,US
3683,US
22803,US
285923,US
39437,US
1950,US
640,US
97630,US
9767,US
11631,DE
11631,GB
11631,US
32856,US
6519,US
8741,CA
8741,US
49520,US
1850,US
524,FR
524,US
26389,GB
26389,FR
11817,US
2123,US
9907,DE
9907,US
9969,US
18239,US
808,US
38050,US
8367,US
9390,US
72105,US
2898,US
10312,US
109443,US
2022,US
37686,US
462,US
9919,DE
9919,US
187017,US
628,US
10201,US
302699,US
9441,US
274167,US
224141,US
388,US
2112,US
10329,US
74465,US
13811,GB
13811,US
13811,AU
6877,US
10320,US
50646,US
8920,US
13673,US
60308,US
6950,US
225574,FR
225574,GB
225574,US
13836,US
752,DE
752,GB
752,US
6038,HK
6038,US
9975,US
11451,US
12103,AU
12103,US
60304,US
60304,DE
2251,US
46529,US
231,US
300671,MT
300671,MA
300671,US
228326,MX
228326,US
9754,US
9754,AU
66,US
4421,US
2649,US
588,CA
588,FR
588,JP
588,US
10393,US
71552,US
9631,DE
9631,US
216282,US
306,US
928,US
205587,US
6623,US
1577,GB
1577,US
1577,DE
1577,FR
1577,CA
9801,FR
9801,DE
9801,IE
9801,GB
9801,US
2116,US
9624,US
14199,US
1907,GB
1907,US
4599,US
22832,DE
22832,US
10390,US
9879,US
38579,US
44603,US
11892,US
9691,FR
9691,US
1248,GB
1248,CZ
1248,FR
1248,IT
12220,US
72710,US
10782,US
9573,US
4959,DE
4959,GB
4959,US
10061,US
10386,US
421,US
316152,US
11615,DE
11615,GB
11615,US
13498,US
241554,US
2252,GB
2252,US
2252,CA
11968,US
10047,FR
38319,US
69668,CA
69668,US
9770,US
11212,US
10533,US
38363,US
38363,AE
9923,FR
9923,GB
9923,US
11863,US
18501,US
109491,US
9275,DE
9275,GB
9275,US
329833,US
12634,US
10416,US
47327,US
15268,CA
15268,IN
15268,JP
15268,US
10796,US
9548,US
18947,DE
18947,GB
18947,FR
1900,DE
1900,US
89,US
96724,FR
96724,GB
198184,MX
198184,ZA
198184,US
9481,US
4547,US
6415,US
181283,GB
181283,US
181283,CZ
181283,RO
9896,CA
9896,US
167,DE
167,GB
167,US
11232,US
1636,US
2148,US
5176,US
260346,FR
260346,US
1389,US
9894,US
7504,CA
7504,IN
8592,US
913,US
11091,US
1368,US
593,RU
5393,DE
5393,US
9095,US
8874,US
11467,US
320,US
199,US
20533,US
10684,US
1624,US
325789,GB
113464,KR
113464,US
888,US
82675,FR
4256,US
1493,US
88751,US
11130,US
9944,US
10731,US
7350,US
9869,US
4379,US
4379,DE
146233,US
2034,AU
2034,US
926,US
4248,CA
4248,US
64328,US
36647,US
7214,DE
7214,US
1537,US
9360,BR
9360,PE
9360,US
6282,US
508,GB
508,US
9487,US
768,CZ
768,GB
2636,PE
2636,US
10478,US
27983,US
9981,US
7453,US
15045,US
7737,AU
7737,FR
7737,DE
7737,GB
7737,US
232672,US
17379,US
8987,US
11359,US
82525,US
9759,DE
9759,US
9486,FR
9486,GB
9906,US
841,US
4688,US
4148,GB
4148,US
2207,US
2207,DE
9381,FR
9381,GB
9625,US
9304,US
20856,CA
20856,US
5955,US
9899,US
9826,AU
9826,US
21355,US
10858,US
11439,DE
11439,GB
11439,US
9457,CA
9457,US
12412,IT
12412,US
1494,CN
1494,HK
13184,US
2185,US
6639,US
38153,US
58233,GB
58233,HK
58233,CN
116977,US
68734,US
5503,US
27573,US
819,US
1369,US
9623,US
10895,US
10935,US
834,US
228066,GB
228066,US
711,US
10468,US
10027,FR
10027,GB
10027,US
11812,US
37233,US
37950,US
27582,US
64688,US
509,GB
509,US
7443,GB
5966,US
11066,US
136795,US
8095,GB
8095,US
8095,CH
87826,US
11560,US
25189,US
2637,US
18480,US
709,GB
709,US
49730,CA
49730,US
2749,DE
2749,US
9607,GB
9607,US
1830,FR
1830,US
1830,DE
79,CN
54054,US
228967,US
46528,NZ
46528,KR
27936,FR
65,US
280391,FR
9476,US
10610,HK
10610,US
745,US
49527,US
73937,US
1885,US
168672,US
18240,US
10398,CA
10398,US
165,US
240832,FR
240832,US
216015,US
12279,US
1645,US
11007,US
193756,US
11287,US
259693,CA
259693,US
37799,US
10184,NL
10184,US
10184,DE
4257,US
4234,US
196,US
257091,US
6114,US
24803,US
109410,US
1213,US
100042,US
9036,US
257211,US
323675,US
9361,US
1677,US
187,US
7461,US
16538,US
9889,US
820,US
11565,US
6073,MX
6073,US
16996,US
193610,US
19912,US
296098,IN
296098,US
296098,DE
8007,US
32823,US
4380,US
11551,US
10336,US
11362,US
50348,US
48138,FR
48138,DE
48138,GB
1124,US
227159,US
68179,CA
68179,US
1579,US
708,GB
708,US
34851,US
9930,US
1586,US
2044,US
9913,DE
9913,US
71864,US
10761,GB
10761,US
209451,US
11975,US
4970,US
11831,US
9096,US
440,US
11011,US
10641,US
11172,US
39513,US
39513,GB
82687,US
41446,US
8224,US
10537,US
225886,US
10385,DE
10385,US
55779,US
10154,GB
10154,US
10647,US
11431,DE
11431,US
8457,US
188161,US
8850,US
64685,US
38357,US
10060,US
11398,CA
11398,US
1833,US
10391,US
8970,US
9306,US
11370,GB
11370,US
11370,DE
11370,LU
12184,GB
12184,US
1921,US
1683,US
203,US
11858,CA
11858,US
62835,FR
18937,US
13536,US
15556,US
10718,AU
10718,US
11062,US
10802,FR
10802,US
1887,FR
1887,US
1887,JP
6071,US
10461,US
80278,US
80278,ES
12704,US
10315,US
16643,CA
16643,US
2687,FR
2687,US
194,FR
194,DE
11025,US
8849,GB
8849,US
78698,GB
78698,US
30943,US
9544,DE
9544,LU
9544,GB
9544,US
24418,US
7288,DE
7288,US
14655,US
24575,GB
10366,US
19898,DE
19898,GB
4965,US
15074,US
56715,FR
56715,US
1272,GB
1272,US
72358,US
20542,US
266396,FR
266396,ES
266396,GB
266396,US
9978,DE
9978,GB
9978,US
8271,US
10428,US
5353,BA
5353,US
11934,DE
11934,GB
11934,US
14392,CN
14392,HK
19495,FR
19495,KZ
110415,KR
110415,FR
110415,CZ
110415,US
77459,FR
26486,US
9495,US
256040,IN
24420,US
1257,US
62214,US
16320,US
8842,DE
8842,US
9531,GB
9531,US
64807,US
12289,CN
11529,US
20943,US
9099,US
9488,US
193,US
44865,CN
44865,HK
55787,US
257932,CN
257932,FR
257932,US
10400,US
1957,US
10833,US
256961,US
5852,US
12312,US
622,FR
622,PT
622,ES
11306,US
12508,US
25793,US
10534,US
1091,US
87421,US
10871,US
13503,US
13600,US
68722,US
14324,LU
14324,IT
14324,FR
14324,GB
14325,DE
14325,US
299687,US
312221,US
23168,US
76494,US
4944,US
4944,GB
4944,FR
10488,US
96721,DE
96721,GB
334,US
23742,US
259694,US
62837,US
8966,US
8470,US
11001,DE
11001,US
138832,US
16911,RU
2163,US
36670,DE
36670,GB
36670,US
23048,US
227735,US
2155,US
8409,DE
8409,US
222936,US
31908,US
10219,US
48171,US
48171,HU
48171,IT
782,US
75531,US
11802,US
9776,US
18785,DE
18785,US
365222,HK
817,US
268,GB
268,US
943,US
22881,US
10054,US
51540,US
44264,US
350,US
152,US
109431,US
1598,US
8065,US
271718,US
11638,US
409,GB
409,US
2118,US
11459,US
10806,US
9348,US
377,US
8843,DE
8843,US
9313,GB
9313,US
39486,US
1273,US
13920,US
50544,US
325133,US
140823,AU
140823,GB
140823,US
1883,US
89492,US
22949,US
12437,US
2959,AU
2959,US
9957,US
11648,US
9366,US
1576,FR
1576,DE
1576,GB
1576,US
609,US
5516,US
13051,US
13051,CA
49530,US
34806,US
49022,US
11469,US
23479,US
11667,JP
11667,US
423,FR
423,DE
423,PL
423,GB
2447,US
10066,US
2288,US
88794,US
13515,RO
13515,US
11979,AU
11979,US
169,US
8090,US
11622,US
3604,US
9541,US
94348,US
8197,US
336004,US
35019,US
35019,GB
35019,FR
10410,US
8836,CA
8836,US
14442,IE
14442,GB
321741,AU
321741,US
321741,GB
59965,US
14175,GB
11004,DE
11004,JP
11004,GB
11004,US
11918,US
98357,US
10012,DE
10012,US
49526,US
268920,US
9093,GB
9093,US
119283,US
11823,FR
11823,GB
35169,AE
35169,US
118957,SG
118957,AU
849,ES
849,GB
849,IT
849,US
4515,US
18886,US
6575,US
6440,US
13496,US
18320,GB
18320,US
22787,CA
22787,FR
22787,US
8967,US
37498,AW
37498,HK
37498,US
144336,US
9616,DE
9616,US
13056,CA
13056,DE
13056,US
14113,US
285783,US
49478,CN
49478,US
9726,US
20763,US
9702,US
9311,DE
9311,DK
9311,SE
9280,CH
9280,FR
26843,LY
26843,US
11876,FR
22267,US
45958,MX
45958,ES
1969,US
1969,FR
1969,MX
310706,US
198663,US
239573,US
10436,US
1381,US
2162,US
127493,US
12429,JP
228205,US
2900,US
21311,US
77875,US
192136,GB
192136,ZA
18254,US
881,US
10877,CA
10877,US
9600,DE
9600,US
202575,BE
202575,US
71469,US
71469,RU
85446,US
326,US
10685,US
7220,DE
7220,US
9763,GB
9763,US
72387,US
12596,DE
12596,US
1892,US
13460,DE
13460,GB
13460,US
13460,ZA
8055,DE
8055,US
50647,US
10719,US
10719,DE
9294,US
11888,CA
11888,US
9647,US
9353,US
55721,US
109414,US
10307,US
11978,US
22907,US
87567,US
38322,US
45612,CA
45612,US
7305,US
3594,DE
3594,US
157841,CA
157841,FR
11519,US
59,US
59,CA
59,DE
9335,FR
9335,US
12106,JP
12106,US
11141,DE
11141,IE
11141,GB
8649,US
31867,CA
31867,US
10253,KR
3587,US
124459,US
24662,US
32274,US
182,US
5494,DE
5494,GB
5494,US
5494,LU
28,US
38073,US
2054,US
302156,GB
302156,US
606,US
87502,US
698,FR
698,GB
698,US
120467,GB
120467,US
120467,DE
11313,AU
11313,US
6488,US
10559,US
296099,US
8012,US
1574,US
9032,US
2770,US
862,US
1637,US
72570,US
27569,US
10637,US
1669,US
132363,US
9472,DE
9472,US
2907,US
9273,US
9880,US
2925,US
807,US
17654,US
17654,NZ
17654,CA
17654,ZA
11836,US
322,US
70,US
9535,AU
9535,US
11036,US
6557,US
18126,US
16340,DE
16340,US
10333,US
4476,US
22947,US
2755,US
82654,CA
59967,CN
59967,US
16300,US
9598,AU
9598,US
82696,US
9870,US
8292,US
8780,US
9715,US
10521,US
10762,US
10096,US
59436,ES
59436,US
227783,CA
227783,KR
4133,US
10207,US
172,US
21972,US
36593,US
707,FR
707,IS
707,GB
707,US
533,GB
533,US
6023,US
6439,US
6439,ZA
4347,GB
4347,FR
4347,US
37056,US
4105,US
76489,US
3933,US
9918,US
273481,US
307081,US
16871,US
293863,US
13156,US
41233,US
9266,DE
9266,US
1262,US
4513,NZ
4513,US
22970,US
7278,US
9013,US
865,US
10776,US
50456,DE
50456,GB
50456,US
9823,US
59861,US
133805,US
12763,US
9766,US
14034,US
12244,US
109421,US
11137,CZ
11137,US
51162,US
10152,US
9452,US
239566,US
53113,US
9271,US
4474,US
184346,US
48340,US
48340,AU
14846,US
72207,US
16232,US
43539,US
43539,FR
9920,US
8978,US
8978,FR
11702,US
18550,US
8869,AU
8869,US
43347,US
3489,US
9701,US
2122,US
37707,CA
37707,FR
37707,US
10658,US
13150,US
13150,DE
9042,DE
9042,US
17813,US
11208,US
58151,GB
58151,US
11400,US
10350,LU
10350,US
28902,US
14164,US
76640,US
11058,CA
11058,US
14844,GB
14844,US
57089,US
1947,US
1947,DE
8054,CA
8054,FR
8054,GB
46829,CA
46829,IT
146238,US
9989,CA
9989,US
9665,US
311,US
311,IT
102362,US
11162,GB
11162,IT
11162,LU
11162,US
6016,CA
6016,FR
6016,IE
6016,GB
17186,US
13967,GB
13967,US
2008,CN
2008,JP
2008,KR
9053,DE
9053,GB
9053,US
4512,CA
4512,GB
4512,US
76349,CN
76349,HK
31203,BE
31203,FR
265208,US
45610,US
50135,DE
1874,BE
1874,ZA
271331,FR
215211,BE
215211,FR
215211,IT
215211,CH
215211,US
367961,RU
10955,GB
10955,US
10955,IT
223702,CA
223702,US
254470,US
69,DE
69,US
4967,US
9449,GB
9449,US
11499,US
4912,US
12771,DE
12771,US
323676,US
12506,GB
24071,US
11249,RO
11249,US
9667,DE
9667,US
812,US
277216,US
87,US
14444,US
2043,CA
2043,DE
2043,US
315664,GB
315664,US
1428,US
562,US
15373,US
318846,US
26320,US
14292,US
924,US
2018,US
192577,JP
9428,US
2832,US
137093,US
699,GB
699,US
9778,US
8831,JP
8831,US
9398,DE
9398,US
112949,US
10439,US
3638,AU
3638,US
23483,GB
23483,US
62206,US
62206,DE
62206,CA
10577,US
218778,US
4348,FR
4348,GB
4348,US
78,US
78,HK
78,GB
11780,GB
11780,US
192102,FR
192102,US
2001,US
10383,US
11516,CH
11516,DE
11516,ES
11516,FR
11516,IT
10025,US
15198,CA
15198,US
23172,US
17834,US
10016,US
10317,US
58431,US
9746,US
13092,GB
59859,US
59859,GB
13495,ES
254473,CA
254473,FR
700,GB
700,US
4964,US
10024,US
13490,US
15927,GB
15927,US
1259,GB
5125,US
174,US
9583,US
9437,US
525,US
10188,US
63574,US
245,GB
245,US
9825,US
186,DE
186,US
9549,US
61891,GB
61891,DE
34584,DE
34584,US
2666,AU
2666,US
12783,GB
13155,GB
13155,US
42807,US
28355,CA
28355,US
8080,DE
8080,GB
8080,US
5126,US
56288,US
303858,US
1613,CA
1613,GB
31582,US
16617,FI
16617,NL
16617,GB
16617,US
8944,US
41488,FR
41488,GB
41488,CA
37028,GB
14560,US
10330,US
6957,US
1934,US
169917,US
951,US
10189,US
9454,US
2055,US
1551,US
5902,GB
5902,US
11460,US
9358,US
134,FR
134,GB
134,US
22894,US
134374,US
1901,US
15028,US
11509,US
7445,US
17047,US
62838,US
2057,FR
2057,US
70436,HU
70436,RS
70436,ES
70436,US
16784,DE
16784,US
8011,CA
8011,FR
8011,GB
31640,GB
31640,US
9092,US
2779,DE
2779,US
316002,US
36355,US
238615,US
1985,CN
1985,DE
1985,GB
1985,US
615,US
788,US
380,US
13223,US
13223,DE
10523,US
8681,FR
8681,GB
8681,US
239571,US
619,US
424,US
50014,IN
50014,AE
50014,US
162903,BE
162903,US
11024,US
208763,CZ
208763,RU
208763,UA
6466,CA
6466,IT
6466,US
254024,IT
254024,ES
254024,GB
12589,US
7191,US
1497,HK
1497,US
117,US
6977,US
168530,US
634,FR
634,IE
634,GB
634,US
392,GB
392,US
10327,US
88042,US
41630,US
11969,US
2085,US
794,GB
794,US
9286,CA
9286,DE
9286,US
77877,US
1265,US
866,GB
866,US
175555,US
75174,CA
75174,US
11096,US
8699,US
769,US
10923,CA
10923,US
11283,FR
11283,GB
11283,US
111,US
11676,US
746,FR
746,CN
746,GB
746,IT
77866,US
77866,GB
77866,FR
9416,US
7345,US
14317,US
20694,US
12277,US
9779,US
2140,FR
2140,US
12620,US
14177,US
198185,US
227156,US
10735,US
11351,US
10030,CA
10030,US
10623,US
590,US
9655,US
1268,GB
1268,FR
1268,DE
11237,US
190955,FR
190955,US
5123,US
4518,US
11932,CA
11932,US
11165,JP
11165,US
6116,GB
57431,US
21724,US
278,US
9290,AU
9290,US
11543,US
284536,US
152737,US
13374,US
13374,CA
8976,US
319888,DE
319888,GB
319888,US
9469,US
1909,US
22971,US
34813,US
46261,US
46261,AU
46261,MX
10431,US
10431,CA
8051,US
9352,US
10167,DE
10167,US
17170,JP
17170,US
18975,CZ
18975,FR
18975,DE
18975,GB
18975,US
15487,US
22825,US
11152,US
11152,DE
11152,AU
1831,US
43931,US
10591,US
10861,US
12770,US
276907,GB
276907,US
276907,FR
10074,US
65055,US
10397,IE
10397,US
200505,US
11954,GB
60309,US
9787,DE
9787,US
293646,US
293646,CL
6978,US
133698,FR
59440,US
1770,IE
1770,GB
10655,US
8988,US
15992,AU
15992,US
17707,US
77883,US
77883,CA
40001,US
64639,US
9903,US
21338,US
20766,US
19803,US
20309,US
9912,NZ
9912,CH
9912,JP
9912,US
9067,US
27360,CA
27360,US
8338,BR
8338,CA
8338,JP
168705,US
72113,ES
72113,FR
72113,DE
72113,PL
9729,US
94352,US
22256,US
12404,US
152742,IT
11699,US
49953,FR
49953,BE
48034,FR
39845,US
39845,DE
25353,FR
36696,US
36696,RU
109091,GB
109091,US
38543,GB
38543,US
33157,IT
33157,RU
290864,HK
290864,CN
242166,RU
242166,US
859,GB
859,US
83770,BR
83770,FR
83770,GB
83770,US
168,US
1246,US
4233,US
174751,US
184098,US
2069,CA
2069,US
1788,US
11635,US
177,US
3600,US
2621,US
10358,US
10480,DE
10480,US
10313,GB
10313,US
18828,US
3558,DE
3558,US
13476,US
10208,US
24961,US
20697,US
20761,US
70868,US
43593,US
6478,DE
6478,GB
6478,US
26672,GB
45881,ES
45881,GB
45881,FR
41283,US
4935,JP
19908,US
10663,US
1891,US
9737,US
37137,US
9532,US
10316,US
2787,US
12658,US
152601,CN
152601,US
10866,US
227707,BE
227707,GB
227707,ES
21349,US
19150,US
70435,IE
70435,US
580,US
9819,US
13579,US
20024,US
20024,GB
2453,US
6973,US
11156,BE
11156,FR
354110,CA
22215,DE
22215,GB
22215,FR
11632,GB
11632,US
30596,CN
3021,US
957,US
256917,AU
256917,US
251,US
544,US
11395,US
14635,US
13680,US
688,US
11090,US
783,IN
783,GB
228194,IN
228194,US
228194,AE
1642,US
10950,US
235260,US
277,DE
277,HU
277,GB
277,US
8999,GB
8999,US
11323,US
10445,GB
11453,US
146239,US
205588,FR
205588,GB
10878,US
82650,US
10279,US
2294,US
2176,US
270487,US
19366,CA
19366,US
204082,US
24100,DE
24100,NL
24100,US
1599,DE
1599,US
5550,US
30379,US
42586,US
17709,US
287948,BE
287948,CN
287948,FR
7548,GB
9075,NL
9075,DE
9075,GB
11661,BE
11661,FR
11661,DE
11661,JP
11661,NO
11661,RO
11661,GB
11661,US
109513,US
12085,US
204922,FR
204922,SE
204922,GB
38985,US
44113,US
21494,FR
164457,US
4566,US
17795,US
1073,US
153158,AR
153158,ES
81836,IT
81836,ES
81836,US
10724,US
9473,US
2196,GB
1499,HK
1499,US
20857,DE
20857,US
82693,US
1646,DE
1646,US
44944,US
4108,US
4108,FR
8456,US
7341,US
19255,US
10187,US
31005,US
49517,FR
49517,DE
49517,GB
44857,US
50780,AE
50780,US
16363,US
1946,CA
1946,FR
1946,GB
85,US
772,US
840,US
9682,US
96,US
10678,US
274,US
8872,US
16290,US
16290,RO
579,US
14405,US
138843,US
11637,US
226486,US
1584,DE
1584,US
9312,US
12153,US
65057,US
8326,US
35690,US
76203,US
76203,GB
13497,US
35688,US
162,US
296096,US
103370,US
1051,US
376659,US
10073,CH
10073,US
16690,AU
16690,CA
16690,US
273895,GB
273895,US
14873,AU
14873,US
8968,US
9963,US
15655,US
21208,CA
21208,FR
21208,DE
21208,US
272878,US
9760,US
314365,CA
314365,US
13279,US
1975,US
33644,US
1649,US
9895,US
9570,US
27579,GB
27579,US
16052,US
40264,US
1164,FR
1164,JP
1164,MX
1164,US
239678,US
14359,US
3989,DE
3989,US
76617,US
1710,US
4258,US
20391,US
10139,US
335778,US
9645,AU
9645,US
55465,US
617,US
19904,US
48289,US
243,GB
243,US
6933,DE
6933,JP
6933,US
17182,US
8848,AU
8848,GB
8848,US
38,US
38303,US
1266,US
107985,GB
14043,US
19901,US
19901,AU
34016,US
59860,HU
59860,US
10069,US
9588,AU
9588,US
12819,US
12819,IN
9954,US
10115,DE
10115,US
25132,AE
25132,US
577,US
328387,US
12690,US
9945,US
539,US
13596,US
226857,US
13159,US
47941,US
526,US
22796,US
2355,US
5915,US
9842,US
61012,FR
61012,CA
755,US
13682,US
9089,US
9470,CN
9470,HK
18357,US
7979,CN
7979,US
470,US
15644,US
9582,US
10642,US
22074,US
2428,US
290751,ES
290751,GB
290751,US
13805,US
4597,US
9414,US
63492,US
81796,FR
10710,US
15092,US
11382,US
15005,US
8198,US
6963,DE
6963,US
15070,US
12797,US
17134,US
41402,GB
41402,US
18885,JP
18885,US
4953,US
4953,GB
10773,GB
146198,US
2639,US
10563,AU
10563,US
295964,US
5971,US
9716,US
11835,US
26171,US
31117,DE
31117,GB
31117,US
9074,US
14396,US
15673,US
42618,US
171274,US
24432,FR
24432,GB
24432,US
109417,US
13948,US
106747,US
10929,US
14220,US
46435,GB
46435,US
256962,MX
256962,US
48231,CH
48231,GB
48231,DE
48231,CA
3509,US
82684,US
12142,CA
12142,DE
12142,US
23367,US
10740,FR
10740,DE
10740,US
10740,GB
241239,AE
241239,US
14582,CA
14914,US
3902,US
77948,US
21755,US
4960,US
128,JP
14652,FR
40932,US
16608,AU
16608,GB
334531,US
32316,US
7299,US
13405,AU
13405,CN
13405,DE
19457,US
112937,US
314385,FR
314385,US
8953,JP
29078,US
46503,US
10448,US
13688,HK
10353,FR
43935,US
11458,DE
11458,US
44638,US
241257,CA
241257,ES
14538,CN
14538,HK
14538,KR
13250,CA
13250,GB
13250,US
133931,ZA
280871,IN
239897,US
184341,PA
184341,US
334074,GB
334074,US
199373,US
14202,CA
14202,CN
14202,US
6968,CZ
6968,FR
6968,DE
581,GB
581,US
52449,US
12150,US
11247,CA
11247,US
4232,US
9378,CA
9378,US
694,US
694,GB
105,US
11377,US
26367,US
385383,US
41210,US
12090,DE
12090,US
62630,NL
62630,BE
16110,GB
16110,US
29427,US
129,JP
244114,HK
244114,CN
2669,US
2669,GB
203833,DE
203833,US
13523,US
25195,IE
25195,US
17277,US
50725,US
50725,DE
82631,US
73191,US
22479,US
340611,US
10065,US
2757,US
11683,CA
11683,FR
11683,US
244339,HK
244339,CN
1878,US
23082,US
195589,US
854,US
2280,US
496,US
8835,US
157,US
8643,US
10402,US
218043,US
9043,US
21301,US
10147,DE
10147,US
816,DE
816,US
302688,CA
302688,US
60307,US
106,US
279,US
8617,US
10625,US
10934,IT
10934,US
5279,DE
5279,GB
5279,US
10013,US
194662,US
160588,US
9829,FR
9829,GB
9829,US
10028,US
10535,US
790,US
43959,US
10364,US
16991,US
9610,US
1578,US
25643,CA
25643,GB
25643,US
11904,US
28665,US
44115,GB
44115,US
10569,US
10560,US
333348,US
20483,US
11457,US
321697,US
19840,CA
19840,US
22327,US
38665,US
2575,IE
2575,US
11644,US
146227,BG
146227,US
68924,FR
68924,US
253235,US
22102,US
10068,US
848,GB
36811,GB
36811,DE
36811,RU
522,US
130150,US
12246,RU
12246,DE
12246,KZ
13809,GB
27380,HK
27380,US
10549,GB
10549,US
33870,AU
245703,US
10739,GB
10739,NL
10739,FR
127560,AU
127560,GB
37903,AT
37903,FR
37903,DE
37903,IT
10017,US
10017,CA
11468,US
193613,US
17436,DE
17436,US
43434,FR
43434,DE
31166,FR
31166,HK
31166,IE
31166,ES
31166,GB
69848,US
69848,MX
69848,ES
8408,US
8408,JP
332411,US
9389,FR
9389,GB
9389,LU
9626,NL
9626,US
75638,ES
75638,US
8363,US
15670,US
290555,CA
290555,FR
8328,US
10982,US
205,CA
205,GB
205,US
205,IT
205,ZA
1620,FR
1620,US
175541,US
241254,US
31932,US
1933,ES
1933,US
1933,FR
1933,IT
679,GB
679,US
11113,US
3597,US
193893,US
9675,US
9988,US
948,US
21765,US
146304,US
7516,FR
7516,GB
7516,US
41439,CA
41439,US
2752,US
2752,FR
2752,GB
9429,US
38117,US
9792,FR
9792,US
13778,US
228203,US
41382,US
13960,US
114150,US
26602,US
10223,US
16028,US
15639,US
16112,US
26390,US
27759,US
109428,US
23049,GR
23049,US
9310,US
11411,GB
11411,US
16988,CA
16988,FR
16988,US
7304,DE
7304,US
24747,US
58048,GB
1491,CZ
1491,US
2989,US
10629,IE
10629,GB
10629,US
255343,BE
255343,FR
255343,ES
4723,DE
4723,US
4723,FR
10800,FR
25763,US
79694,US
4032,US
18615,US
10673,US
4584,GB
4584,US
2977,GB
2977,US
10760,US
11093,US
207,US
8467,US
639,US
24226,US
9285,US
14709,US
74643,BE
74643,FR
13788,US
83666,US
10781,US
318850,US
13908,US
1417,ES
1417,US
1417,MX
39180,AU
39180,US
16161,US
49950,US
10956,US
9594,US
4638,GB
13972,US
5038,US
5038,ES
13491,SE
10571,US
10994,DE
10994,US
19994,US
25166,US
30890,US
23169,US
17403,US
12120,US
9800,US
1090,US
18475,US
40160,US
18074,US
9689,US
9781,US
8009,GB
8009,US
3877,US
8854,US
152599,US
18840,CN
18840,DE
18840,RU
18840,GB
18840,US
68727,GB
68727,FR
12657,US
8265,FR
12410,DE
12410,GB
34647,CA
34647,FR
34647,DE
34647,IT
73935,US
28178,GB
28178,US
185567,ZA
185567,FR
264656,FR
264656,US
35696,US
16351,CA
16351,FR
38717,US
18777,US
2110,JP
2110,FR
9035,CA
9035,US
90,US
771,US
12154,US
9576,US
744,US
146,CN
146,HK
146,TW
146,US
14,US
45269,GB
9493,US
22556,US
873,US
33196,KR
205596,GB
10765,US
16769,US
33217,GB
33217,US
132232,ES
132232,CA
11153,US
208134,US
1165,FR
1165,IT
1165,GB
1165,US
4011,US
17202,US
9587,US
65086,CA
65086,SE
65086,GB
10053,US
11870,US
11778,GB
11778,US
586,US
18736,US
134411,US
134411,AE
287903,US
9276,US
15765,US
2142,US
11397,US
77016,US
11478,CA
11478,US
266856,GB
13411,US
10564,US
947,GB
24150,US
228970,US
18405,US
6961,US
11442,US
2493,US
14047,US
64690,US
11132,DE
11132,US
17127,US
1562,ES
1562,GB
232679,US
17880,US
14736,US
9434,US
23706,US
11531,US
9100,US
116,IE
116,LU
116,RU
116,GB
116,US
38843,US
1245,GB
1245,US
4995,US
10413,US
14012,GB
14012,US
9793,US
12212,CA
12212,US
13768,US
8975,US
342521,US
45272,US
9424,AU
9424,US
97367,US
254904,GB
254904,US
18681,AU
18681,CA
18681,GB
12162,US
11495,US
64689,US
157849,GB
157849,US
157849,DE
13166,US
15511,US
37003,US
12211,US
13816,US
51828,GB
51828,US
22798,US
7501,US
10743,CA
10743,DE
10743,US
37718,US
15237,GB
15237,US
9686,US
17644,US
97430,HK
97430,US
12257,US
13539,US
68,GB
14024,US
115,GB
115,US
7874,US
4911,DE
4911,GB
4911,US
1988,FR
1988,GB
1988,PK
1988,US
16222,US
9557,DE
9557,US
9026,FR
9026,GB
9026,US
18276,US
8321,GB
8321,US
72359,US
10186,US
25704,US
133694,AE
133694,US
19265,FR
19265,US
36047,US
8053,US
8053,FR
2290,FR
2290,HU
2290,US
5236,US
6552,US
1018,FR
1018,US
10075,RO
10075,DE
10075,GB
10075,US
38031,US
38031,ES
42188,GB
42188,US
6687,DE
6687,ES
6687,GB
6687,LT
13853,US
31306,US
8461,AT
8461,FR
8461,DE
8461,IT
8461,GB
8461,US
331592,US
331592,KH
47692,CA
47692,GB
19,DE
10045,FR
400,US
253450,CN
253450,FR
253450,HK
253450,TW
9104,DE
9104,GB
9104,US
11190,RU
16353,TH
23759,FR
23759,GB
24206,CA
24206,GB
10185,US
74536,US
31668,AT
31668,HU
13501,DE
13501,GB
13501,US
15208,CZ
15208,HU
15208,SK
15208,GB
172391,ZA
262543,ES
9288,DE
9288,GB
9288,US
370980,IT
20083,HK
40880,GB
137,US
264999,US
454,US
53457,FR
288980,US
33,US
1951,DK
1951,FR
1951,DE
1951,IT
1951,NL
1951,SE
1951,GB
12405,IN
12405,GB
12405,US
10998,US
114,US
9396,AU
9396,US
319910,US
2604,US
864,US
14435,US
1931,US
691,GB
691,US
9877,CA
9877,FR
9877,US
62008,US
12227,US
13824,CA
71688,FR
71688,GB
15173,US
8291,US
13950,US
12158,US
11586,US
10008,GB
10008,US
2830,US
12403,US
34563,US
14557,US
10368,GB
10368,IT
10280,US
12637,US
34152,US
14434,IN
14434,US
11470,US
10741,US
24940,US
82679,US
2013,FR
2013,US
1440,US
18041,US
28029,AU
28029,US
1123,FR
1123,GB
1123,US
1123,ZA
14033,US
87729,US
16899,CA
16899,GB
41317,US
245700,GB
37842,FR
37842,IT
9045,FR
9045,DE
9045,RO
44092,CN
44092,TW
44092,HK
16005,US
44754,US
23988,CA
23988,US
43949,US
142,CA
142,US
9603,US
10712,US
243938,US
10876,DE
10876,GB
10876,US
86838,GB
25208,US
613,AT
613,DE
613,IT
1913,ES
1913,FR
1913,IT
97370,GB
97370,CH
97370,US
801,US
54518,US
44214,US
240,US
9816,US
10131,US
339984,US
8859,US
11967,US
239563,US
222899,US
4951,US
10985,US
9644,US
332567,US
1954,CA
1954,US
15489,US
15250,US
22345,US
9448,US
38223,US
11186,US
136835,US
5876,US
264660,GB
492,US
25462,US
238603,US
10691,US
1251,JP
1251,US
5172,US
58680,US
264644,CA
264644,IE
14577,CA
14577,US
11592,US
16406,CA
16406,FR
16406,US
19052,US
3682,US
9683,US
2084,GB
2084,US
107811,US
2266,FR
13074,US
144340,US
48217,FR
48217,CA
28211,FR
28211,US
28211,CA
47502,US
9950,DE
9950,US
84892,US
24227,US
9672,US
44853,GB
44853,CA
44853,FR
157544,US
59678,GB
79777,US
158011,US
407887,KR
17043,AU
17043,US
8952,US
62204,CA
62204,FR
62204,US
13435,US
17187,US
319,US
59457,DE
59457,FR
59457,HU
9504,US
37414,US
6217,US
26688,US
43867,US
6615,US
14574,GB
14574,US
16,AR
16,DK
16,FI
16,FR
16,DE
16,IS
16,IT
16,NL
16,NO
16,SE
16,GB
16,US
39780,AU
39780,GB
39780,US
21612,US
36691,US
23631,US
45324,CA
12144,IE
12144,US
11658,KR
56601,US
9552,US
578,US
2105,US
126319,BE
126319,FR
126319,LU
10136,US
67660,US
10611,US
154,US
3049,US
860,US
9281,US
75674,US
9762,US
3179,US
184,US
13335,US
76726,US
10269,GB
10269,US
36819,GB
17130,US
57214,US
11202,US
9357,US
13812,US
9030,US
19084,US
8386,US
10437,US
1360,MX
1360,US
1360,CA
101267,US
222935,US
10220,US
284296,US
31915,US
11601,US
205220,GB
11354,US
16241,GB
16241,US
14191,AU
14191,US
286565,US
26710,US
129670,US
9059,US
34549,US
57157,US
1948,US
28353,US
46889,US
38093,US
14976,US
11027,DE
11027,US
3635,GB
3635,LU
387,DE
6020,US
122906,GB
9550,CN
9550,HK
60599,US
227719,US
14299,US
12088,AU
12088,US
14799,US
9466,US
7510,US
31246,US
61752,US
10944,AU
10944,US
10362,FR
10362,US
14778,DE
14778,GB
1255,KR
45226,US
10212,CZ
10212,GB
10212,US
8669,US
179144,IT
16857,US
86825,US
844,DE
844,HK
844,CN
844,FR
844,IT
8060,CA
8060,US
15907,ZA
38448,IE
38448,US
327,GB
327,JP
327,US
9260,DE
9260,US
61337,US
61337,AU
13079,US
89325,US
4170,DE
4170,US
41508,HU
41508,DE
41508,GB
41508,IL
12479,US
44555,CN
10133,US
21345,CN
21345,HK
61984,JP
50601,US
26466,AU
26466,GB
345003,US
236751,US
107,GB
107,US
357837,US
8913,US
13889,JP
18530,CA
18530,DE
18530,FR
18530,GB
358451,HK
358451,CN
927,US
11,US
291870,US
907,IT
907,US
206563,BR
206563,GB
11887,US
45317,US
12094,US
10377,US
249164,US
256092,AU
256092,CA
9942,US
10748,GB
1817,US
10229,US
687,US
687,GB
796,US
22804,AU
22804,CA
22804,GB
22804,US
10156,US
12837,US
17708,US
13937,US
28932,US
31909,US
167073,CA
167073,IE
3175,GB
3175,US
14369,US
16888,US
121826,GB
10646,US
12149,DE
12149,IT
12149,US
304357,GB
304357,US
11184,DE
11184,US
766,US
20009,CA
20009,US
1587,US
30973,CA
30973,GB
11109,GB
11109,FR
9027,FR
9027,GB
9027,US
63020,US
86829,US
86829,FR
86829,GB
11065,US
13888,FJ
42345,US
13994,US
1590,DE
1590,US
62728,GB
11917,US
45138,IT
80271,US
4657,AU
14395,IN
24137,GB
24137,US
190847,IE
190847,GB
11056,ES
11056,US
62,US
62,GB
601,US
13067,US
25379,CA
88641,US
58051,IN
14877,CA
96399,MX
304410,FR
489,CA
489,US
373314,US
214,US
10890,US
1588,US
316727,FR
316727,US
10314,US
663,US
11804,CA
11804,GB
11804,US
16781,US
11873,US
9289,US
10414,US
1970,JP
1970,US
9614,US
8922,DE
8922,US
1648,US
17917,GB
74534,AE
74534,GB
74534,US
19405,US
9355,AU
10999,US
321258,US
321258,CN
321258,CA
44040,US
10426,US
280092,CA
280092,US
13938,US
10163,GB
10163,JP
10163,US
12182,US
1832,US
9034,US
15301,US
10135,US
26352,US
20616,US
9794,US
15037,US
227,US
294272,US
11336,US
283445,US
88036,US
10984,US
22824,US
9526,US
39349,US
15983,US
14544,US
11545,US
42684,US
268238,GB
268238,US
8359,US
15648,US
41823,US
11891,HK
11891,US
9362,US
9902,DE
9902,US
14729,US
9455,US
103731,US
10090,US
164558,US
19905,US
17710,US
75900,GB
9515,DE
9515,US
27322,US
328425,US
14120,US
10050,US
1542,US
10490,US
87093,CA
87093,US
10029,US
9893,US
11507,US
37931,US
3472,GB
87818,US
13160,US
88005,US
52067,US
73,US
134597,US
24034,US
14283,CA
14283,IT
14283,GB
404,US
13201,DE
13201,US
209403,US
7942,GB
73247,US
253331,US
34043,US
9952,US
256924,US
82532,US
41110,IT
134371,US
2088,GB
2088,US
10388,US
1640,DE
1640,US
25520,GB
25520,FR
25520,DE
25520,US
27342,US
13689,DE
13689,US
67911,US
24664,US
329440,US
47890,NL
47890,US
252512,US
55720,US
9613,CA
9613,GB
29076,US
29339,GB
29339,US
68812,US
14195,FR
14195,US
73567,US
41479,US
15394,CA
15394,GB
10071,US
1989,CN
1989,FR
1989,HK
91076,ES
91076,US
91076,JP
12779,IT
12779,GB
13191,BG
11770,CN
11770,HK
12703,FR
12703,JP
12703,US
64559,FR
64559,CH
222649,US
115872,FR
115872,IT
115872,DE
115872,ES
101173,IT
101173,CS
101173,US
25350,BE
25350,DE
25350,US
10034,GB
10034,US
20178,US
5072,GB
5072,DE
5072,HU
18191,US
31007,US
11546,US
184374,MX
268171,US
78149,US
39037,US
22805,US
39055,CA
245846,AU
25186,US
15017,US
12245,ES
12245,FR
12245,GB
49787,AU
16358,DE
16358,GB
16358,US
7006,CA
7006,US
66767,CA
17622,CA
17622,GB
283671,MX
283671,KR
18516,DE
18516,IL
18516,US
217708,NO
217708,IS
42057,GB
17577,US
14608,CA
14608,ZA
14608,GB
34417,US
15067,KR
78383,US
43090,CA
16614,US
9700,US
10471,US
250066,CA
250066,LU
667,GB
208869,GB
86837,FR
86837,AT
86837,DE
10306,US
106845,US
11576,US
219,ES
11827,CA
22820,US
31174,GB
31174,US
244316,CA
244316,US
37737,IN
62215,DK
62215,FR
62215,DE
62215,SE
66125,AU
132316,IN
348,US
348,GB
30497,US
27586,US
14811,US
660,BS
660,FR
660,GB
660,US
68684,US
40794,IT
9400,US
16162,US
10585,US
2359,US
238636,FR
238636,US
10472,US
11282,US
6521,DE
6521,GB
6521,US
14181,US
1621,US
9656,CA
9656,US
16428,US
10705,GB
8272,US
24621,US
1619,US
9685,US
14425,US
14624,US
10179,US
15568,US
14057,US
12621,US
1808,GB
293670,KR
67675,US
27329,TH
29514,IT
29514,US
250349,FR
12454,FR
12454,GB
39806,US
15699,AU
8883,CZ
8883,DK
8883,FI
8883,FR
8883,DE
8883,NO
8883,SE
17926,US
291081,GB
41248,FR
25968,US
9671,AU
52010,GB
11588,GB
11588,US
11588,DE
43418,AU
71157,FR
13483,US
333355,KR
333355,US
327833,CA
327833,TH
327833,US
1547,US
25196,US
16323,US
175528,US
8069,US
71805,US
71805,NO
71805,SE
9451,US
16727,IN
16727,US
272693,US
10696,US
150202,US
19644,KR
29963,GB
29963,FR
29963,AU
26022,IN
26022,US
152747,US
1116,IE
1116,GB
1116,DE
1116,IT
1116,ES
1116,FR
1116,BE
1116,CH
185008,IN
11620,US
14353,US
11818,TR
680,US
11176,US
242582,US
11217,US
15121,US
2619,US
773,US
235,US
170,GB
14114,US
10734,US
28121,US
40807,US
10885,US
225565,US
385736,US
11971,GB
11971,US
668,GB
668,US
11596,US
14429,US
13751,US
9490,US
14536,CA
14536,US
1359,CA
1359,US
9962,NL
9962,DE
9962,US
15049,CA
22821,US
42819,US
209263,US
37735,US
59930,US
10873,US
51588,US
23570,US
19489,US
14629,US
8293,GB
291270,US
44009,GB
1958,FR
1958,IT
13154,US
26618,DE
26618,US
43923,US
46138,GB
45791,IE
45791,GB
26306,US
110683,GB
26963,BE
26963,FR
26963,IE
198277,US
7870,US
13072,US
153397,GB
30141,US
17044,GB
17044,FR
10288,CA
12183,DE
12183,US
44147,FR
44147,GB
12192,US
13197,US
10913,DK
10913,FR
10913,GB
251321,FR
251321,US
251321,ES
149,JP
10425,DE
10425,US
49081,CA
256687,US
220488,CN
1544,DE
1544,GB
1544,US
374461,US
302,FR
302,GB
182873,US
21512,US
21512,AU
389425,US
403,US
29461,US
33542,HK
283708,FR
9388,US
1691,US
24684,GB
24684,US
2610,US
11308,CA
11308,GB
11308,US
11022,CA
11022,US
34341,CA
15365,US
12569,US
24356,US
24356,GB
2577,GB
103903,GB
73873,GB
73873,IE
312113,US
312113,NG
14165,IN
2011,FR
2011,US
45650,US
7735,DE
301365,DK
301365,FR
301365,US
25941,GB
7326,US
326284,CA
681,GB
681,US
238,US
535,US
19913,US
713,NZ
713,AU
713,FR
77930,US
10727,AU
10727,US
253,GB
17908,US
8390,FR
8390,DE
8390,GB
8390,US
57119,US
3291,FR
3291,JP
3291,GB
3291,US
398,CA
398,US
8068,US
10803,US
682,GB
682,US
10117,US
9392,GB
24977,US
79316,US
2074,US
1696,DE
1696,US
308639,US
22314,US
2662,US
77156,US
12573,US
12573,GB
12573,FR
44718,US
11342,US
241771,US
34653,US
11051,US
11051,CA
14578,US
57825,GB
57825,US
9555,AU
15581,US
13006,GB
16651,US
4251,IN
12400,US
39053,US
14112,US
12271,US
71859,GB
71859,US
226354,GB
226354,US
48620,US
33676,CA
33676,US
37080,ES
37080,US
25388,GB
11687,FR
39210,US
31535,US
44835,US
192134,GB
1956,US
1956,AR
24985,DE
24985,GB
306745,US
47088,FR
47088,US
110402,RU
27004,US
15013,GB
15013,ZA
15013,FR
8374,CA
8374,US
277519,CN
277519,HK
78381,US
164372,RU
294512,US
8879,US
13001,CA
13001,US
9571,US
13649,US
334527,US
2211,DE
13919,DE
13919,US
14576,US
82505,US
46738,CA
46738,FR
38970,IT
41009,IE
41009,GB
7347,BR
250546,US
650,US
16620,US
25113,US
11033,US
34723,US
9430,US
8998,US
10514,US
10496,US
1591,DE
76025,GB
4836,GB
14631,US
87499,GB
87499,US
18923,US
26665,GB
26665,NO
26665,SE
28089,US
62255,NZ
62255,GB
5708,JP
5708,GB
5708,US
5708,AU
218,GB
218,US
338,DE
21641,GB
10925,US
2293,US
621,US
792,GB
792,US
1777,US
642,US
433,US
16619,US
1725,US
11977,US
20322,US
16158,US
629,US
10160,US
11452,US
12163,US
32275,US
13785,US
1103,US
36739,US
14144,US
10622,AU
10622,HK
13370,US
11191,US
10215,GB
10215,US
25066,US
1523,GB
1523,DE
1523,US
11361,US
92591,US
57612,BS
57612,GB
12509,US
15256,US
83686,US
80304,US
28053,US
67913,IE
13991,US
1443,US
8545,GB
19556,US
231576,US
16172,US
13403,US
15797,US
347764,CA
347764,US
13537,CA
13537,US
20794,US
31064,US
576,US
13990,US
11583,GB
18602,GB
18602,CA
27549,US
59728,US
10930,FR
32395,US
58882,CN
7547,US
35944,GB
35944,DE
42222,US
13827,US
9282,CA
9282,US
38940,US
38940,ES
35689,US
97614,FR
97614,US
37206,CA
37206,IE
58626,US
837,CA
1555,FR
244783,US
16564,NL
16564,BE
168027,US
3482,FR
3482,US
135595,US
135595,TH
8982,TH
8982,AU
89861,GB
89861,IN
455,IN
455,DE
455,GB
455,US
14351,US
10664,ES
9277,US
9443,GB
7863,AU
138697,US
11901,US
1548,DE
1548,GB
1548,US
11889,CA
11889,GB
33155,US
5528,CH
5528,DE
5528,FR
321,CA
4997,CA
4997,US
925,US
27451,US
73532,FI
73532,FR
73532,DE
979,FR
193722,JP
7913,IN
253253,US
51995,US
13173,US
22908,CA
22908,GB
70670,DE
70670,NO
84204,IE
84204,GB
25248,CA
230266,GB
230266,NO
16633,US
91586,US
215,US
333371,US
9012,US
345911,US
72571,US
242512,JP
242512,US
10072,US
211954,MX
82990,US
29912,US
11843,GB
11284,US
504,US
173,US
227348,US
1955,GB
1955,US
152532,US
243940,US
77,US
157547,US
2295,US
71,FR
71,GB
147773,US
16096,US
24266,AU
16508,US
2895,US
15660,US
59968,US
323677,CA
323677,DE
19848,US
256274,US
235271,US
284293,US
24973,US
21610,US
10283,US
8346,CA
8346,US
122081,FR
122081,US
10987,US
1391,MX
747,GB
747,US
747,FR
14745,US
26748,US
11357,US
24913,CA
24913,US
13776,US
14854,US
50357,CA
50357,US
13090,US
192141,US
16441,US
29996,US
351819,US
14834,US
22649,US
378200,US
20455,JP
20455,US
13193,US
11042,CA
11042,FR
10786,GB
10786,US
12484,US
17339,GB
11959,US
9900,US
14662,US
335,IT
335,ES
335,US
15745,US
17431,GB
21014,US
78394,FR
78394,GB
10217,CA
46332,FR
13996,US
3028,US
1024,NZ
343795,US
45658,US
16148,US
4553,US
4553,ES
36351,US
245916,US
27585,US
1415,NL
1415,US
313922,US
14474,US
199933,US
13685,US
8744,US
38428,IN
8847,US
39269,CA
46838,CA
46838,US
56930,US
41730,US
18442,CA
298312,US
11600,US
71547,GB
71547,DE
57876,US
77495,ES
13849,GB
14849,US
12486,US
244403,US
292481,US
340816,US
78814,US
297596,BS
297596,US
299552,CY
299552,JO
299552,GB
11935,GB
11935,US
113406,US
447027,US
290825,US
361159,US
12555,CZ
12555,SK
31175,DE
12498,US
77949,GB
1690,US
8435,GB
64720,US
49365,US
11404,GB
300706,US
16337,US
11577,US
77987,FR
77987,DK
77987,SE
77987,TH
77987,US
40185,FR
68202,US
8981,GB
10914,CA
10914,GB
10914,US
50848,FR
166624,CA
166624,MX
10822,US
10822,ES
10822,FR
10844,NZ
9336,US
5689,US
712,GB
13342,US
10339,US
1429,US
9303,US
641,US
27686,US
65749,AR
65749,ES
6106,GB
6106,US
252680,US
141,US
17139,NL
17139,BE
12079,US
39800,US
4550,KR
62116,FR
9991,GB
9991,US
13807,HK
68818,BO
68818,FR
68818,ES
68818,GB
12093,DK
12093,SE
36419,US
281730,IN
510,US
362105,US
10970,US
375290,IN
17663,US
270938,US
116613,GB
11826,ES
11826,GB
29920,DK
29920,SE
29920,DE
1088,NZ
26379,IN
34069,CH
10947,US
47452,CA
47452,GB
3040,RU
11386,JP
11386,GB
11386,IE
10246,US
10246,CA
29426,CA
29426,US
10331,US
153,JP
153,US
703,US
27191,US
1365,US
287424,CH
287424,US
451,US
165864,US
987,US
241251,US
40494,US
39781,US
8337,US
5925,US
8357,US
146203,US
85350,US
512,GB
13408,US
47816,US
10744,US
11536,US
9782,US
18713,US
6537,ES
6537,MX
184345,US
1809,DE
1809,US
2370,US
9809,US
5,US
11013,US
19153,US
10132,CA
10132,US
16448,US
15122,US
8141,US
1546,US
48572,US
14517,GB
14517,US
89708,US
27551,IT
27551,US
64678,US
309503,US
14293,US
15059,GB
15059,US
103328,FR
157847,US
25719,GB
48309,US
27723,AU
27723,US
242575,MX
242575,DE
44945,US
29122,US
125123,GB
111190,FR
111190,AU
133575,US
54580,ES
54580,FR
54580,IT
52015,US
34941,US
227975,BR
227975,DE
60422,US
81390,GB
10981,CA
225235,RU
14902,US
121676,CA
121676,DE
121676,ZA
22301,US
257087,US
46420,AU
114635,US
158150,US
251979,ZA
874,GB
10774,US
770,US
266102,MA
266102,RO
266102,AE
266102,GB
29715,US
25209,US
37495,GB
29262,BR
34769,CA
34769,GB
34769,US
35032,US
5178,DK
5178,FR
5178,IS
5178,US
8618,GB
3116,US
9427,GB
813,US
352978,US
10634,US
9516,US
16288,US
23330,US
18900,US
27029,US
26268,US
573,GB
310131,CA
310131,US
40505,US
11363,US
3033,GB
3033,US
25376,AR
25376,ES
22007,US
765,US
10615,US
205321,US
89540,MX
46146,NO
38007,US
14256,US
540,US
370464,US
20055,US
224569,US
39303,US
142061,US
370662,US
252360,BG
252360,CA
256740,US
299145,US
241766,GB
12535,US
1667,FR
50839,US
13973,US
244786,US
598,BR
598,FR
11129,GB
11129,IE
75861,US
13551,US
103663,DK
103663,SE
850,US
850,CA
12586,MX
12586,US
11564,CA
301748,US
108346,GB
108346,US
8841,FR
805,US
11697,US
22051,US
436,EC
436,CO
436,US
55347,US
10070,US
8469,US
658,GB
658,US
125490,CA
1585,US
627,GB
23618,US
41436,US
10162,FR
10162,GB
10162,US
1430,US
259943,CN
10014,US
11257,GB
158015,FR
158015,US
82507,US
20337,US
261,US
1685,US
20737,CA
20737,US
10991,JP
10225,US
826,GB
826,US
34086,US
5854,US
284,US
10285,US
5780,US
292,US
223485,NZ
223485,GB
29463,US
18065,US
22013,US
821,DE
821,US
53862,US
3089,US
30139,US
132344,GR
132344,US
15582,US
15158,US
44634,US
7509,CA
10557,GB
23531,US
28005,GB
28005,IN
28005,US
28005,JP
28005,DE
40247,US
252,US
24126,US
13982,GB
13982,US
16642,US
17734,US
18892,US
549,US
121986,BR
121986,US
868,ZA
10683,US
17995,US
246403,US
670,KR
35691,US
49010,US
49010,CA
11229,US
22488,US
24469,GB
24469,NL
82533,US
50942,US
84174,US
34099,US
79940,US
342,DE
38033,US
100975,US
38541,CA
38541,DE
38541,US
234212,GB
234212,US
27404,US
71866,US
192210,BR
192210,US
180296,US
157058,US
70006,US
26039,US
79587,US
79587,IT
176077,US
260947,US
342502,US
43213,US
44594,US
666,BR
248,US
325173,US
351043,US
43942,US
10226,FR
66942,AU
356483,US
10476,US
239,US
10281,US
630,US
3034,US
13025,US
21461,IN
55306,US
17264,US
346081,IN
16016,DK
15875,US
5900,NL
43306,US
11072,US
9730,US
209274,DK
209274,FR
209274,PL
209274,GB
26371,GB
14137,US
291,FR
291,US
14139,ES
33106,CN
8875,US
872,US
72914,US
72914,AU
139038,US
126509,US
9591,US
10676,US
1687,US
24748,US
181330,US
468,US
401,US
76,AT
76,CH
76,US
50538,CA
25636,CA
25636,US
19316,US
21074,GB
21074,IN
84329,US
20,CA
20,ES
157386,US
13007,US
13518,US
46849,US
17334,IN
17334,GB
17334,US
1698,DE
20764,MX
20764,US
45132,US
76706,US
254472,US
254472,DE
332285,US
49471,US
13569,PL
13569,US
7512,US
356216,GB
11798,GB
146631,GB
43546,US
61038,US
78373,US
17820,US
283384,CA
283384,US
19933,US
756,US
433715,US
9728,US
9731,US
9916,US
309425,US
14156,US
43610,US
360339,MY
360339,ES
360339,US
31163,GB
297621,US
16205,CA
887,US
9517,GB
9517,US
9517,FR
6007,NO
364083,US
8329,ES
347548,GB
322443,US
657,GB
28165,US
11561,US
270303,US
11624,US
595,US
8810,AU
12207,HK
226,US
92182,FR
92182,US
582,DE
72213,US
990,US
55604,US
9662,FR
9662,BE
9662,CA
9662,GB
20862,CA
20862,US
2771,US
80,US
55,MX
11023,US
33667,US
39013,US
11194,GB
43839,US
1382,US
44639,US
301351,GB
301351,US
301351,FR
4816,US
7873,US
331190,US
15186,US
17994,GB
17994,US
1378,US
8885,IL
8885,FR
8885,DE
250124,US
14284,GB
14284,US
57120,US
12228,US
22617,US
42889,US
10656,FR
24363,US
13121,US
24746,US
12109,CA
12109,GB
27023,US
22913,GB
273899,US
20653,IN
20653,US
171759,US
206296,US
35219,US
28260,US
7515,GB
7515,US
13075,US
335866,US
13510,GB
215881,US
18238,GB
22600,ZA
12612,GB
12612,IE
50698,CA
50698,US
115210,IE
34335,US
459488,GB
11302,US
119458,US
119458,HK
20406,US
3766,US
18616,US
18808,US
95755,US
198062,US
174311,US
12602,DE
153795,US
17768,GB
17768,US
13516,US
98549,US
312793,US
309919,US
299553,US
21309,US
32235,US
329540,CA
26388,ES
26388,US
26388,FR
49020,GB
49020,US
159037,GB
159037,US
159037,EG
12838,FR
157293,IN
14048,GB
14048,US
356987,NZ
38358,US
38358,FR
33511,CA
33511,GB
702,US
935,GB
935,US
542,MX
84175,US
1705,US
62677,US
50875,US
260778,IN
58492,US
37232,BT
37232,GB
37232,AU
4929,US
36334,US
9783,US
205126,CA
98557,US
104,DE
10894,US
246449,CA
32579,MX
32579,US
1688,US
1999,US
43947,US
24066,US
9709,US
191714,IN
191714,FR
191714,DE
25312,GB
25312,US
34106,US
11426,US
13909,US
206284,US
27455,US
7973,LB
7973,FR
283686,ES
283686,US
283686,CO
15976,FR
15976,IL
592,US
74084,IN
1651,FR
1651,IT
298584,US
10758,US
11690,US
3083,US
9344,US
10707,US
15647,US
308529,US
4174,US
20156,CA
9464,US
49018,US
49018,CA
13820,US
18079,AR
17113,US
129139,US
507,FR
507,US
4012,US
14054,US
10972,US
13066,US
66025,US
11908,US
3082,US
1961,US
291362,US
30082,US
72913,US
23963,CA
29406,US
104755,CA
104755,US
104755,GB
253306,NZ
29595,US
137347,IT
137347,PL
137347,RO
137347,US
290370,CA
356841,US
301325,US
347755,US
408,US
44413,AR
44413,IT
44413,NL
44413,ES
39209,US
39209,DE
394047,US
312791,CA
266034,FR
280381,US
2661,US
100,GB
218500,US
309,DK
309,SE
100275,CA
100275,DK
295914,KG
42033,CA
19187,US
46415,IN
38570,US
27588,US
223,US
9725,US
28580,US
23730,US
46256,US
19997,US
43266,US
278316,US
1412,US
176,US
39939,US
357834,DZ
357834,US
215924,MX
215924,FR
480,IN
14295,US
11219,US
20770,US
176124,US
500,US
60400,US
429,US
429,IT
429,ES
429,DE
310569,BR
98369,US
89750,US
89750,CA
86331,FR
15544,US
43884,US
107315,CA
137955,CA
13064,US
157422,US
7553,US
12877,GB
39895,US
55616,CA
29697,ZA
50037,CA
94329,ID
94329,US
94329,FR
289,US
27374,AU
26815,IN
811,US
1366,US
244776,NO
244776,US
5769,GB
277685,US
103,US
11298,US
646,JM
646,GB
93856,US
9003,GB
347126,US
10092,US
10643,JP
46705,US
546,US
76487,US
5722,US
39833,US
1781,US
18712,US
7944,GB
7944,US
171424,CA
171424,CL
171424,US
361475,FR
361475,GB
113947,US
18570,US
83860,US
41469,US
244772,US
50837,US
248774,US
10183,US
159014,US
32456,US
49963,DE
49963,GB
49963,US
13508,US
22597,US
9707,US
26791,US
56666,IN
8675,JP
8675,US
13132,US
47686,US
192132,US
24424,IL
24424,DE
13198,GB
13198,US
244267,US
21413,US
123678,DK
123678,NO
123678,GB
13362,GB
62402,GY
62402,US
201132,NZ
251471,US
251471,DK
20296,IN
25983,US
66195,US
16155,US
46727,US
55180,US
29015,US
18206,US
320146,US
13856,US
43630,US
56491,US
99826,US
186935,MX
357441,PK
19344,US
242083,US
18869,US
26673,US
41830,GB
63287,US
335874,US
34592,US
258755,ES
96534,US
21283,US
272724,US
84178,US
101179,GB
269057,CA
287524,US
206213,US
29146,US
207769,US
207769,DE
271185,US
654,US
91070,CA
91070,US
2009,BE
2009,RO
2652,US
9813,US
60421,FR
60421,IR
60421,US
157354,US
127867,US
3170,US
14014,US
15708,US
146882,GP
146882,FR
215918,US
84200,US
84184,US
45767,US
14823,GB
367551,US
343409,US
60243,IR
60243,FR
57294,GB
11446,US
47889,US
25461,US
905,DE
78705,AR
25212,US
26899,US
292483,US
14451,NO
10105,US
211557,US
838,US
13158,US
84332,US
74510,US
74725,GB
58428,US
8416,IT
8416,DE
8416,FR
13429,GB
9022,US
288,US
14275,US
2287,US
18734,US
26837,US
7859,US
302579,US
51955,US
158752,US
296943,US
118612,US
323967,US
3080,US
2667,US
9459,US
11598,US
181940,US
324322,GB
375950,FR
278348,US
704,GB
75986,US
385636,SI
14438,US
211086,FR
211086,IN
23069,US
83,US
89857,US
30315,US
14358,US
2056,US
41144,US
14271,US
16653,US
14757,AF
14757,IE
14757,JP
23655,US
36825,US
12281,US
125052,US
30246,US
172533,US
180383,US
346,JP
45145,CH
45145,FR
45145,US
13983,US
45649,FR
45649,AO
19844,US
21801,US
43933,GB
73511,US
139715,US
45380,CN
45380,HK
30867,FR
30867,GB
30867,US
81220,US
253626,US
90369,GB
117942,US
322194,US
98568,US
119657,DO
380733,US
285743,US
362765,US
379532,US
253261,US
253261,GB
15239,US
4107,IE
4107,GB
15624,GB
15624,US
17287,US
3062,US
15389,US
464,SE
8193,US
188166,US
23827,US
1282,US
762,GB
64499,US
1435,US
189711,US
19204,IT
9029,US
18045,CA
11240,GB
157909,CA
157909,US
10238,SE
3059,US
15800,US
65203,US
764,US
103620,FR
103620,US
319069,DE
319069,IL
14278,US
25678,US
371690,US
389,US
52032,US
3078,US
38810,GR
21525,US
55123,US
11980,US
11956,FR
1550,US
26518,US
8942,US
68412,US
2786,FR
2786,IT
87943,CM
87943,GB
73981,IN
73981,CH
73981,DE
91721,US
118452,US
13282,US
250184,US
324352,US
318040,US
318040,FR
27420,US
80468,US
84188,US
2255,US
50035,US
14290,US
29371,US
44490,US
32222,US
32222,IN
378237,US
431,CA
76996,AU
51942,US
1424,US
60420,US
142132,GB
142132,US
20520,US
109729,US
78307,US
12247,US
29917,GB
60463,US
24869,US
77934,US
34697,US
306667,US
274758,US
3060,US
40963,US
173224,US
18533,GB
376010,US
139948,US
35073,US
9659,AU
10218,US
391,IT
391,DE
391,ES
43595,US
54897,US
83588,US
53256,DE
40920,US
54702,US
176074,US
69270,DE
69270,US
5759,US
402515,US
126141,FR
48035,DK
14758,US
13363,US
37985,US
36549,US
361398,US
289180,US
289180,AR
288927,US
21334,IR
79120,GB
27995,US
253290,US
344466,RO
55420,US
5822,US
39141,US
5723,IE
28666,US
50497,GB
354624,US
13187,US
335244,US
178862,US
331745,US
1779,US
282128,US
86812,US
84355,US
18632,CA
40652,FR
339408,US
266857,US
18925,US
299245,US
985,US
9821,US
18841,US
175291,US
80215,CA
13538,GB
51130,US
270554,US
72086,SE
72086,US
268917,US
64973,US
473,US
90414,US
111794,US
360188,US
9372,US
85860,US
244534,US
33468,US
294086,US
74777,US
16388,US
159770,CA
42109,BR
47607,US
193603,US
322745,US
20981,GB
242095,US
250902,US
158895,US
18292,US
125537,US
13963,US
290391,US
42151,GB
2292,US
42497,US
33693,US
14585,CA
14585,US
185465,US
38780,CA
38780,DE
14022,US
255266,US
17345,US
226458,US
287625,KE
44990,US
692,US
39851,GB
39851,FR
39851,CA
13898,IR
157185,IE
36095,JP
182291,US
286939,US
124606,US
14337,US
9367,MX
9367,US
231617,US
126186,US
126186,CN
25975,US
